{"cameraMode":{"drawMode":0,"name":"Shaded","section":"Shading Mode"},"sceneLighting":false,"audioPlay":false,"sceneViewState":{"m_AlwaysRefresh":false,"showFog":true,"showSkybox":false,"showFlares":true,"showImageEffects":true,"showParticleSystems":true,"showVisualEffectGraphs":true,"m_FxEnabled":true},"in2DMode":false,"pivot":{"x":-3.2155303955078127,"y":1.9000836610794068,"z":-3.1603946685791017},"rotation":{"x":0.07276637107133866,"y":-0.6738587021827698,"z":0.06689558923244477,"w":0.7322806119918823},"size":0.4897332489490509,"orthographic":false}