{"cameraMode":{"drawMode":0,"name":"Shaded","section":"Shading Mode"},"sceneLighting":true,"audioPlay":false,"sceneViewState":{"m_AlwaysRefresh":false,"showFog":true,"showSkybox":true,"showFlares":true,"showImageEffects":true,"showParticleSystems":true,"showVisualEffectGraphs":true,"m_FxEnabled":true},"in2DMode":false,"pivot":{"x":3.806626796722412,"y":1.3953964710235596,"z":2.8614702224731447},"rotation":{"x":0.012759272940456868,"y":0.9866410493850708,"z":-0.13100600242614747,"w":0.09667850285768509},"size":9.594400405883789,"orthographic":false}