{"cameraMode":{"drawMode":0,"name":"Shaded","section":"Shading Mode"},"sceneLighting":true,"audioPlay":false,"sceneViewState":{"m_AlwaysRefresh":false,"showFog":true,"showSkybox":true,"showFlares":true,"showImageEffects":true,"showParticleSystems":true,"showVisualEffectGraphs":true,"m_FxEnabled":true},"in2DMode":false,"pivot":{"x":2.954415798187256,"y":2.9623234272003176,"z":4.418564796447754},"rotation":{"x":-0.01074888277798891,"y":0.28991952538490298,"z":-0.0011097060050815344,"w":-0.9586418867111206},"size":1.3466978073120118,"orthographic":false}