{"cameraMode":{"drawMode":0,"name":"Shaded","section":"Shading Mode"},"sceneLighting":true,"audioPlay":false,"sceneViewState":{"m_AlwaysRefresh":false,"showFog":true,"showSkybox":true,"showFlares":true,"showImageEffects":true,"showParticleSystems":true,"showVisualEffectGraphs":true,"m_FxEnabled":true},"in2DMode":false,"pivot":{"x":2.5733509063720705,"y":2.8636677265167238,"z":20.23374366760254},"rotation":{"x":0.020520972087979318,"y":0.13507141172885896,"z":0.012002764269709587,"w":-0.9928596615791321},"size":1.2216641902923585,"orthographic":false}