{"cameraMode":{"drawMode":0,"name":"Shaded","section":"Shading Mode"},"sceneLighting":true,"audioPlay":false,"sceneViewState":{"m_AlwaysRefresh":false,"showFog":true,"showSkybox":true,"showFlares":true,"showImageEffects":true,"showParticleSystems":true,"showVisualEffectGraphs":true,"m_FxEnabled":true},"in2DMode":false,"pivot":{"x":-4.8930816650390629,"y":-8.704780578613282,"z":-6.743211269378662},"rotation":{"x":0.017325224354863168,"y":0.9149890542030335,"z":-0.4020836055278778,"w":0.04157519340515137},"size":13.601296424865723,"orthographic":false}